类别,股票代码,日期,快线强弱,红柱数量,大陆代码
golden,000007,2019-07-24,down0,5,sz.000007
golden,000008,2019-07-29,down0,2,sz.000008
golden,000009,2019-07-24,down0,5,sz.000009
golden,000018,2019-07-30,down0,1,sz.000018
golden,000021,2019-07-25,down0,4,sz.000021
golden,000029,2019-07-26,down0,3,sz.000029
golden,000030,2019-07-24,down0,5,sz.000030
golden,000034,2019-07-26,down0,3,sz.000034
golden,000036,2019-07-24,down0,5,sz.000036
golden,000037,2019-07-26,up0,3,sz.000037
golden,000043,2019-07-15,up0,12,sz.000043
golden,000049,2019-07-24,down0,5,sz.000049
golden,000055,2019-07-25,down0,4,sz.000055
golden,000060,2019-07-30,down0,1,sz.000060
golden,000061,2019-07-30,down0,1,sz.000061
golden,000063,2019-07-26,up0,3,sz.000063
golden,000066,2019-07-25,down0,4,sz.000066
golden,000070,2019-07-29,down0,2,sz.000070
golden,000088,2019-07-29,down0,2,sz.000088
golden,000089,2019-07-29,up0,2,sz.000089
golden,000099,2019-07-26,up0,3,sz.000099
golden,000151,2019-07-26,down0,3,sz.000151
golden,000153,2019-07-30,down0,1,sz.000153
golden,000155,2019-07-26,down0,3,sz.000155
golden,000156,2019-07-25,down0,4,sz.000156
golden,000158,2019-07-26,down0,3,sz.000158
golden,000159,2019-07-24,down0,5,sz.000159
golden,000338,2019-07-22,up0,7,sz.000338
golden,000408,2019-07-22,up0,7,sz.000408
golden,000417,2019-07-30,down0,1,sz.000417
golden,000428,2019-07-26,down0,3,sz.000428
golden,000429,2019-07-09,down0,16,sz.000429
golden,000502,2019-07-30,down0,1,sz.000502
golden,000503,2019-07-26,down0,3,sz.000503
golden,000524,2019-07-30,down0,1,sz.000524
golden,000525,2019-07-30,down0,1,sz.000525
golden,000534,2019-07-29,down0,2,sz.000534
golden,000539,2019-07-30,down0,1,sz.000539
golden,000541,2019-07-24,down0,5,sz.000541
golden,000543,2019-07-25,down0,4,sz.000543
golden,000553,2019-07-29,down0,2,sz.000553
golden,000557,2019-07-26,down0,3,sz.000557
golden,000560,2019-07-24,down0,5,sz.000560
golden,000561,2019-07-30,down0,1,sz.000561
golden,000563,2019-07-30,down0,1,sz.000563
golden,000564,2019-07-26,down0,3,sz.000564
golden,000582,2019-07-24,down0,5,sz.000582
golden,000584,2019-07-29,down0,2,sz.000584
golden,000590,2019-07-26,down0,3,sz.000590
golden,000591,2019-07-26,down0,3,sz.000591
golden,000593,2019-07-29,down0,2,sz.000593
golden,000598,2019-07-24,up0,5,sz.000598
golden,000608,2019-07-24,up0,5,sz.000608
golden,000610,2019-07-26,down0,3,sz.000610
golden,000617,2019-07-26,down0,3,sz.000617
golden,000619,2019-07-29,down0,2,sz.000619
golden,000627,2019-07-26,down0,3,sz.000627
golden,000629,2019-07-30,down0,1,sz.000629
golden,000632,2019-07-30,up0,1,sz.000632
golden,000636,2019-07-30,down0,1,sz.000636
golden,000650,2019-07-12,down0,13,sz.000650
golden,000666,2019-07-25,down0,4,sz.000666
golden,000670,2019-07-26,down0,3,sz.000670
golden,000673,2019-07-30,down0,1,sz.000673
golden,000678,2019-07-24,down0,5,sz.000678
golden,000679,2019-07-26,down0,3,sz.000679
golden,000680,2019-07-26,down0,3,sz.000680
golden,000682,2019-07-24,down0,5,sz.000682
golden,000691,2019-07-26,down0,3,sz.000691
golden,000698,2019-07-16,up0,11,sz.000698
golden,000715,2019-07-29,down0,2,sz.000715
golden,000716,2019-07-23,down0,6,sz.000716
golden,000719,2019-07-24,down0,5,sz.000719
golden,000721,2019-07-26,down0,3,sz.000721
golden,000723,2019-07-16,down0,11,sz.000723
golden,000726,2019-07-26,down0,3,sz.000726
golden,000733,2019-07-26,down0,3,sz.000733
golden,000738,2019-07-29,up0,2,sz.000738
golden,000739,2019-07-30,down0,1,sz.000739
golden,000752,2019-07-25,down0,4,sz.000752
golden,000755,2019-07-25,down0,4,sz.000755
golden,000757,2019-07-26,down0,3,sz.000757
golden,000759,2019-07-01,down0,22,sz.000759
golden,000760,2019-07-24,down0,5,sz.000760
golden,000768,2019-07-25,up0,4,sz.000768
golden,000777,2019-07-29,down0,2,sz.000777
golden,000791,2019-07-30,down0,1,sz.000791
golden,000793,2019-07-26,down0,3,sz.000793
golden,000796,2019-07-26,down0,3,sz.000796
golden,000801,2019-07-30,down0,1,sz.000801
golden,000806,2019-07-29,down0,2,sz.000806
golden,000810,2019-07-16,down0,11,sz.000810
golden,000813,2019-07-26,down0,3,sz.000813
golden,000815,2019-07-23,down0,6,sz.000815
golden,000819,2019-07-30,down0,1,sz.000819
golden,000820,2019-07-25,down0,4,sz.000820
golden,000821,2019-07-29,down0,2,sz.000821
golden,000829,2019-07-29,down0,2,sz.000829
golden,000830,2019-07-26,down0,3,sz.000830
golden,000836,2019-07-30,down0,1,sz.000836
golden,000837,2019-07-29,down0,2,sz.000837
golden,000839,2019-07-25,down0,4,sz.000839
golden,000848,2019-07-30,down0,1,sz.000848
golden,000851,2019-07-26,down0,3,sz.000851
golden,000863,2019-07-25,down0,4,sz.000863
golden,000878,2019-07-30,up0,1,sz.000878
golden,000881,2019-07-30,down0,1,sz.000881
golden,000885,2019-07-29,down0,2,sz.000885
golden,000887,2019-07-26,down0,3,sz.000887
golden,000890,2019-07-29,down0,2,sz.000890
golden,000892,2019-07-30,down0,1,sz.000892
golden,000897,2019-07-29,down0,2,sz.000897
golden,000902,2019-07-29,up0,2,sz.000902
golden,000909,2019-07-30,down0,1,sz.000909
golden,000911,2019-07-29,up0,2,sz.000911
golden,000920,2019-07-26,down0,3,sz.000920
golden,000928,2019-07-29,down0,2,sz.000928
golden,000933,2019-07-30,down0,1,sz.000933
golden,000937,2019-07-30,down0,1,sz.000937
golden,000949,2019-07-16,down0,11,sz.000949
golden,000950,2019-07-24,down0,5,sz.000950
golden,000953,2019-07-30,down0,1,sz.000953
golden,000955,2019-07-26,down0,3,sz.000955
golden,000959,2019-07-26,down0,3,sz.000959
golden,000960,2019-07-25,down0,4,sz.000960
golden,000961,2019-07-30,down0,1,sz.000961
golden,000970,2019-07-30,down0,1,sz.000970
golden,000973,2019-07-29,down0,2,sz.000973
golden,000980,2019-07-30,down0,1,sz.000980
golden,000990,2019-07-30,down0,1,sz.000990
golden,000993,2019-07-30,down0,1,sz.000993
golden,000997,2019-07-22,down0,7,sz.000997
golden,000998,2019-07-30,down0,1,sz.000998
golden,001696,2019-07-24,down0,5,sz.001696
golden,001896,2019-07-26,down0,3,sz.001896
golden,001965,2019-07-29,up0,2,sz.001965
golden,002001,2019-07-25,up0,4,sz.002001
golden,002003,2019-07-23,down0,6,sz.002003
golden,002005,2019-07-26,down0,3,sz.002005
golden,002013,2019-07-26,down0,3,sz.002013
golden,002017,2019-07-29,down0,2,sz.002017
golden,002020,2019-07-30,up0,1,sz.002020
golden,002023,2019-07-29,down0,2,sz.002023
golden,002024,2019-07-30,down0,1,sz.002024
golden,002025,2019-07-29,up0,2,sz.002025
golden,002027,2019-07-30,down0,1,sz.002027
golden,002033,2019-07-30,down0,1,sz.002033
golden,002039,2019-07-23,down0,6,sz.002039
golden,002040,2019-07-26,down0,3,sz.002040
golden,002052,2019-07-24,down0,5,sz.002052
golden,002055,2019-07-30,down0,1,sz.002055
golden,002058,2019-07-30,up0,1,sz.002058
golden,002061,2019-07-29,down0,2,sz.002061
golden,002063,2019-07-23,down0,6,sz.002063
golden,002064,2019-06-25,down0,26,sz.002064
golden,002065,2019-07-25,down0,4,sz.002065
golden,002067,2019-07-30,down0,1,sz.002067
golden,002071,2019-07-25,down0,4,sz.002071
golden,002073,2019-07-30,up0,1,sz.002073
golden,002074,2019-07-26,down0,3,sz.002074
golden,002078,2019-07-29,up0,2,sz.002078
golden,002081,2019-07-23,up0,6,sz.002081
golden,002093,2019-07-26,down0,3,sz.002093
golden,002097,2019-07-30,down0,1,sz.002097
golden,002098,2019-07-25,down0,4,sz.002098
golden,002103,2019-07-30,down0,1,sz.002103
golden,002107,2019-07-29,down0,2,sz.002107
golden,002113,2019-07-25,down0,4,sz.002113
golden,002115,2019-07-29,down0,2,sz.002115
golden,002117,2019-07-25,down0,4,sz.002117
golden,002119,2019-07-17,down0,10,sz.002119
golden,002123,2019-07-29,up0,2,sz.002123
golden,002126,2019-07-29,down0,2,sz.002126
golden,002128,2019-07-25,down0,4,sz.002128
golden,002131,2019-07-26,down0,3,sz.002131
golden,002132,2019-07-29,down0,2,sz.002132
golden,002134,2019-07-26,down0,3,sz.002134
golden,002135,2019-07-24,down0,5,sz.002135
golden,002137,2019-07-26,down0,3,sz.002137
golden,002138,2019-07-24,up0,5,sz.002138
golden,002139,2019-07-26,up0,3,sz.002139
golden,002141,2019-07-24,down0,5,sz.002141
golden,002144,2019-07-30,down0,1,sz.002144
golden,002147,2019-06-18,down0,31,sz.002147
golden,002152,2019-07-25,down0,4,sz.002152
golden,002156,2019-07-24,down0,5,sz.002156
golden,002159,2019-07-25,down0,4,sz.002159
golden,002161,2019-07-25,down0,4,sz.002161
golden,002166,2019-07-26,down0,3,sz.002166
golden,002171,2019-07-29,down0,2,sz.002171
golden,002173,2019-07-30,down0,1,sz.002173
golden,002179,2019-07-25,up0,4,sz.002179
golden,002181,2019-07-30,down0,1,sz.002181
golden,002182,2019-07-11,up0,14,sz.002182
golden,002183,2019-07-26,down0,3,sz.002183
golden,002189,2019-07-26,down0,3,sz.002189
golden,002191,2019-07-29,down0,2,sz.002191
golden,002196,2019-07-29,down0,2,sz.002196
golden,002201,2019-07-18,down0,9,sz.002201
golden,002203,2019-07-29,down0,2,sz.002203
golden,002209,2019-07-30,down0,1,sz.002209
golden,002213,2019-07-29,down0,2,sz.002213
golden,002215,2019-07-26,down0,3,sz.002215
golden,002216,2019-07-26,up0,3,sz.002216
golden,002217,2019-07-25,down0,4,sz.002217
golden,002220,2019-07-24,down0,5,sz.002220
golden,002222,2019-07-24,down0,5,sz.002222
golden,002231,2019-07-25,down0,4,sz.002231
golden,002232,2019-07-25,down0,4,sz.002232
golden,002234,2019-07-29,up0,2,sz.002234
golden,002235,2019-07-29,down0,2,sz.002235
golden,002238,2019-07-30,down0,1,sz.002238
golden,002239,2019-07-26,down0,3,sz.002239
golden,002242,2019-07-29,down0,2,sz.002242
golden,002245,2019-07-30,down0,1,sz.002245
golden,002249,2019-07-26,down0,3,sz.002249
golden,002252,2019-07-30,down0,1,sz.002252
golden,002253,2019-07-26,down0,3,sz.002253
golden,002255,2019-07-26,down0,3,sz.002255
golden,002264,2019-07-26,down0,3,sz.002264
golden,002266,2019-07-30,down0,1,sz.002266
golden,002267,2019-07-29,down0,2,sz.002267
golden,002271,2019-07-29,up0,2,sz.002271
golden,002273,2019-06-11,down0,36,sz.002273
golden,002275,2019-07-29,up0,2,sz.002275
golden,002280,2019-07-24,down0,5,sz.002280
golden,002281,2019-07-25,down0,4,sz.002281
golden,002283,2019-07-30,down0,1,sz.002283
golden,002285,2019-07-30,down0,1,sz.002285
golden,002286,2019-07-29,down0,2,sz.002286
golden,002289,2019-07-26,down0,3,sz.002289
golden,002292,2019-07-30,down0,1,sz.002292
golden,002297,2019-07-29,down0,2,sz.002297
golden,002299,2019-07-29,up0,2,sz.002299
golden,002302,2019-07-16,down0,11,sz.002302
golden,002307,2019-07-29,down0,2,sz.002307
golden,002308,2019-07-30,down0,1,sz.002308
golden,002310,2019-07-30,down0,1,sz.002310
golden,002311,2019-07-24,down0,5,sz.002311
golden,002313,2019-07-26,down0,3,sz.002313
golden,002316,2019-07-24,down0,5,sz.002316
golden,002317,2019-07-30,down0,1,sz.002317
golden,002322,2019-07-25,down0,4,sz.002322
golden,002323,2019-05-06,down0,0,sz.002323
golden,002325,2019-07-29,down0,2,sz.002325
golden,002335,2019-07-23,down0,6,sz.002335
golden,002337,2019-07-30,down0,1,sz.002337
golden,002341,2019-07-16,down0,11,sz.002341
golden,002343,2019-07-16,down0,11,sz.002343
golden,002344,2019-07-30,down0,1,sz.002344
golden,002345,2019-07-30,down0,1,sz.002345
golden,002346,2019-07-29,down0,2,sz.002346
golden,002354,2019-07-30,down0,1,sz.002354
golden,002358,2019-07-30,down0,1,sz.002358
golden,002361,2019-07-25,up0,4,sz.002361
golden,002363,2019-07-29,down0,2,sz.002363
golden,002366,2019-07-25,down0,4,sz.002366
golden,002368,2019-07-25,down0,4,sz.002368
golden,002369,2019-07-30,down0,1,sz.002369
golden,002370,2019-07-29,down0,2,sz.002370
golden,002376,2019-07-24,down0,5,sz.002376
golden,002377,2019-07-30,down0,1,sz.002377
golden,002379,2019-07-29,up0,2,sz.002379
golden,002380,2019-07-29,down0,2,sz.002380
golden,002387,2019-07-29,up0,2,sz.002387
golden,002389,2019-07-29,down0,2,sz.002389
golden,002394,2019-07-30,down0,1,sz.002394
golden,002399,2019-07-26,down0,3,sz.002399
golden,002400,2019-07-29,down0,2,sz.002400
golden,002402,2019-07-25,down0,4,sz.002402
golden,002405,2019-07-29,down0,2,sz.002405
golden,002417,2019-07-23,down0,6,sz.002417
golden,002421,2019-07-30,down0,1,sz.002421
golden,002423,2019-07-26,down0,3,sz.002423
golden,002424,2019-07-30,down0,1,sz.002424
golden,002425,2019-07-29,down0,2,sz.002425
golden,002427,2019-07-26,down0,3,sz.002427
golden,002430,2019-07-29,down0,2,sz.002430
golden,002438,2019-07-30,down0,1,sz.002438
golden,002441,2019-07-25,up0,4,sz.002441
golden,002443,2019-07-30,up0,1,sz.002443
golden,002445,2019-07-26,down0,3,sz.002445
golden,002446,2019-07-26,down0,3,sz.002446
golden,002451,2019-07-30,down0,1,sz.002451
golden,002452,2019-07-15,down0,12,sz.002452
golden,002456,2019-07-25,down0,4,sz.002456
golden,002458,2019-06-21,down0,28,sz.002458
golden,002465,2019-07-26,down0,3,sz.002465
golden,002467,2019-07-30,down0,1,sz.002467
golden,002470,2019-07-30,down0,1,sz.002470
golden,002471,2019-07-24,down0,5,sz.002471
golden,002480,2019-07-29,down0,2,sz.002480
golden,002481,2019-07-29,down0,2,sz.002481
golden,002484,2019-07-24,down0,5,sz.002484
golden,002485,2019-07-30,down0,1,sz.002485
golden,002486,2019-07-30,down0,1,sz.002486
golden,002503,2019-07-30,down0,1,sz.002503
golden,002504,2019-07-26,down0,3,sz.002504
golden,002505,2019-07-18,down0,9,sz.002505
golden,002506,2019-07-30,up0,1,sz.002506
golden,002507,2019-07-30,down0,1,sz.002507
golden,002509,2019-07-30,down0,1,sz.002509
golden,002515,2019-07-29,down0,2,sz.002515
golden,002517,2019-07-26,down0,3,sz.002517
golden,002519,2019-07-24,down0,5,sz.002519
golden,002520,2019-07-30,down0,1,sz.002520
golden,002521,2019-07-16,down0,11,sz.002521
golden,002524,2019-07-30,down0,1,sz.002524
golden,002528,2019-07-29,down0,2,sz.002528
golden,002530,2019-07-30,down0,1,sz.002530
golden,002532,2019-07-29,down0,2,sz.002532
golden,002535,2019-07-29,down0,2,sz.002535
golden,002536,2019-07-29,down0,2,sz.002536
golden,002537,2019-07-30,down0,1,sz.002537
golden,002542,2019-07-29,down0,2,sz.002542
golden,002544,2019-07-29,down0,2,sz.002544
golden,002547,2019-07-29,down0,2,sz.002547
golden,002555,2019-07-30,up0,1,sz.002555
golden,002557,2019-07-25,up0,4,sz.002557
golden,002559,2019-07-24,down0,5,sz.002559
golden,002560,2019-07-30,down0,1,sz.002560
golden,002562,2019-07-30,up0,1,sz.002562
golden,002563,2019-07-29,up0,2,sz.002563
golden,002565,2019-07-26,down0,3,sz.002565
golden,002568,2019-07-26,up0,3,sz.002568
golden,002572,2019-07-25,down0,4,sz.002572
golden,002575,2019-07-26,down0,3,sz.002575
golden,002576,2019-07-30,down0,1,sz.002576
golden,002577,2019-07-30,down0,1,sz.002577
golden,002579,2019-07-25,up0,4,sz.002579
golden,002580,2019-07-26,down0,3,sz.002580
golden,002582,2019-07-30,up0,1,sz.002582
golden,002583,2019-07-16,down0,11,sz.002583
golden,002586,2019-07-26,down0,3,sz.002586
golden,002587,2019-07-30,up0,1,sz.002587
golden,002592,2019-07-30,down0,1,sz.002592
golden,002595,2019-07-30,down0,1,sz.002595
golden,002600,2019-07-30,down0,1,sz.002600
golden,002606,2019-07-26,down0,3,sz.002606
golden,002609,2019-07-29,up0,2,sz.002609
golden,002615,2019-07-24,up0,5,sz.002615
golden,002618,2019-07-26,down0,3,sz.002618
golden,002620,2019-07-30,down0,1,sz.002620
golden,002621,2019-07-29,up0,2,sz.002621
golden,002624,2019-07-26,down0,3,sz.002624
golden,002626,2019-07-30,up0,1,sz.002626
golden,002628,2019-07-26,down0,3,sz.002628
golden,002629,2019-07-24,down0,5,sz.002629
golden,002631,2019-07-30,down0,1,sz.002631
golden,002634,2019-07-25,down0,4,sz.002634
golden,002636,2019-07-26,down0,3,sz.002636
golden,002638,2019-07-29,down0,2,sz.002638
golden,002641,2019-07-25,up0,4,sz.002641
golden,002644,2019-07-26,down0,3,sz.002644
golden,002649,2019-07-30,down0,1,sz.002649
golden,002654,2019-07-26,down0,3,sz.002654
golden,002656,2019-07-25,down0,4,sz.002656
golden,002657,2019-07-30,down0,1,sz.002657
golden,002659,2019-07-30,down0,1,sz.002659
golden,002663,2019-07-30,down0,1,sz.002663
golden,002664,2019-07-23,down0,6,sz.002664
golden,002666,2019-07-30,down0,1,sz.002666
golden,002667,2019-07-26,down0,3,sz.002667
golden,002669,2019-07-26,up0,3,sz.002669
golden,002671,2019-07-29,down0,2,sz.002671
golden,002675,2019-07-30,up0,1,sz.002675
golden,002676,2019-07-26,down0,3,sz.002676
golden,002677,2019-07-24,down0,5,sz.002677
golden,002678,2019-07-26,down0,3,sz.002678
golden,002679,2019-06-26,down0,25,sz.002679
golden,002681,2019-07-26,down0,3,sz.002681
golden,002699,2019-07-30,down0,1,sz.002699
golden,002713,2019-07-30,down0,1,sz.002713
golden,002714,2019-07-05,down0,18,sz.002714
golden,002721,2019-07-30,down0,1,sz.002721
golden,002722,2019-07-26,down0,3,sz.002722
golden,002723,2019-07-29,down0,2,sz.002723
golden,002725,2019-07-24,down0,5,sz.002725
golden,002729,2019-07-26,down0,3,sz.002729
golden,002740,2019-07-24,down0,5,sz.002740
golden,002746,2019-07-25,down0,4,sz.002746
golden,002747,2019-07-19,down0,8,sz.002747
golden,002748,2019-07-25,down0,4,sz.002748
golden,002750,2019-07-26,down0,3,sz.002750
golden,002751,2019-07-26,down0,3,sz.002751
golden,002755,2019-07-26,down0,3,sz.002755
golden,002756,2019-07-29,down0,2,sz.002756
golden,002757,2019-07-03,down0,20,sz.002757
golden,002758,2019-07-29,down0,2,sz.002758
golden,002761,2019-07-29,down0,2,sz.002761
golden,002762,2019-07-29,down0,2,sz.002762
golden,002763,2019-07-26,down0,3,sz.002763
golden,002767,2019-07-01,down0,22,sz.002767
golden,002771,2019-07-30,down0,1,sz.002771
golden,002773,2019-07-23,down0,6,sz.002773
golden,002778,2019-07-30,down0,1,sz.002778
golden,002785,2019-07-24,down0,5,sz.002785
golden,002786,2019-07-30,down0,1,sz.002786
golden,002790,2019-07-30,down0,1,sz.002790
golden,002792,2019-07-25,up0,4,sz.002792
golden,002795,2019-07-30,down0,1,sz.002795
golden,002796,2019-07-26,up0,3,sz.002796
golden,002798,2019-07-30,up0,1,sz.002798
golden,002800,2019-07-25,up0,4,sz.002800
golden,002801,2019-07-30,up0,1,sz.002801
golden,002803,2019-07-30,down0,1,sz.002803
golden,002807,2019-07-26,down0,3,sz.002807
golden,002808,2019-07-25,down0,4,sz.002808
golden,002811,2019-07-26,down0,3,sz.002811
golden,002812,2019-07-03,down0,20,sz.002812
golden,002815,2019-07-25,down0,4,sz.002815
golden,002823,2019-07-26,down0,3,sz.002823
golden,002825,2019-07-24,down0,5,sz.002825
golden,002827,2019-07-26,down0,3,sz.002827
golden,002829,2019-07-24,down0,5,sz.002829
golden,002831,2019-07-30,down0,1,sz.002831
golden,002837,2019-07-25,down0,4,sz.002837
golden,002843,2019-07-24,down0,5,sz.002843
golden,002846,2019-07-26,up0,3,sz.002846
golden,002848,2019-07-30,down0,1,sz.002848
golden,002851,2019-07-25,up0,4,sz.002851
golden,002852,2019-07-30,down0,1,sz.002852
golden,002855,2019-07-25,down0,4,sz.002855
golden,002857,2019-07-23,up0,6,sz.002857
golden,002858,2019-07-29,up0,2,sz.002858
golden,002859,2019-07-25,down0,4,sz.002859
golden,002866,2019-07-24,down0,5,sz.002866
golden,002867,2019-07-25,up0,4,sz.002867
golden,002868,2019-07-23,up0,6,sz.002868
golden,002872,2019-07-26,down0,3,sz.002872
golden,002877,2019-07-29,down0,2,sz.002877
golden,002881,2019-07-25,up0,4,sz.002881
golden,002882,2019-07-26,down0,3,sz.002882
golden,002883,2019-07-30,down0,1,sz.002883
golden,002884,2019-07-25,down0,4,sz.002884
golden,002885,2019-07-30,down0,1,sz.002885
golden,002897,2019-07-29,down0,2,sz.002897
golden,002902,2019-07-24,up0,5,sz.002902
golden,002903,2019-07-25,down0,4,sz.002903
golden,002905,2019-07-03,down0,20,sz.002905
golden,002906,2019-07-26,down0,3,sz.002906
golden,002911,2019-07-30,down0,1,sz.002911
golden,002912,2019-07-16,up0,11,sz.002912
golden,002913,2019-07-25,up0,4,sz.002913
golden,002917,2019-07-30,down0,1,sz.002917
golden,002920,2019-07-30,up0,1,sz.002920
golden,002922,2019-07-29,down0,2,sz.002922
golden,002923,2019-07-26,down0,3,sz.002923
golden,002925,2019-07-25,down0,4,sz.002925
golden,002927,2019-07-30,down0,1,sz.002927
golden,002929,2019-07-30,down0,1,sz.002929
golden,002930,2019-07-30,down0,1,sz.002930
golden,002932,2019-07-29,down0,2,sz.002932
golden,002933,2019-07-30,up0,1,sz.002933
golden,002943,2019-07-29,down0,2,sz.002943
golden,300002,2019-07-30,down0,1,sz.300002
golden,300004,2019-07-30,up0,1,sz.300004
golden,300005,2019-07-29,up0,2,sz.300005
golden,300017,2019-07-26,down0,3,sz.300017
golden,300024,2019-07-25,up0,4,sz.300024
golden,300027,2019-07-24,down0,5,sz.300027
golden,300031,2019-07-26,down0,3,sz.300031
golden,300034,2019-07-24,up0,5,sz.300034
golden,300035,2019-07-26,down0,3,sz.300035
golden,300038,2019-07-30,down0,1,sz.300038
golden,300041,2019-07-25,up0,4,sz.300041
golden,300045,2019-07-24,down0,5,sz.300045
golden,300047,2019-07-25,down0,4,sz.300047
golden,300050,2019-07-30,down0,1,sz.300050
golden,300051,2019-07-30,down0,1,sz.300051
golden,300052,2019-07-30,down0,1,sz.300052
golden,300064,2019-07-29,down0,2,sz.300064
golden,300068,2019-07-30,down0,1,sz.300068
golden,300077,2019-07-29,down0,2,sz.300077
golden,300081,2019-07-30,down0,1,sz.300081
golden,300082,2019-07-29,down0,2,sz.300082
golden,300083,2019-07-26,down0,3,sz.300083
golden,300086,2019-07-29,down0,2,sz.300086
golden,300091,2019-07-30,down0,1,sz.300091
golden,300093,2019-07-29,up0,2,sz.300093
golden,300098,2019-07-29,down0,2,sz.300098
golden,300100,2019-07-30,down0,1,sz.300100
golden,300102,2019-07-25,down0,4,sz.300102
golden,300110,2019-07-30,down0,1,sz.300110
golden,300113,2019-07-29,down0,2,sz.300113
golden,300120,2019-07-25,down0,4,sz.300120
golden,300124,2019-07-17,up0,10,sz.300124
golden,300126,2019-07-26,down0,3,sz.300126
golden,300128,2019-07-24,down0,5,sz.300128
golden,300130,2019-07-25,down0,4,sz.300130
golden,300133,2019-07-26,down0,3,sz.300133
golden,300139,2019-07-29,down0,2,sz.300139
golden,300144,2019-07-29,up0,2,sz.300144
golden,300145,2019-07-30,down0,1,sz.300145
golden,300147,2019-07-29,down0,2,sz.300147
golden,300151,2019-07-24,up0,5,sz.300151
golden,300154,2019-07-30,down0,1,sz.300154
golden,300155,2019-07-25,down0,4,sz.300155
golden,300166,2019-07-25,down0,4,sz.300166
golden,300170,2019-07-25,down0,4,sz.300170
golden,300175,2019-07-30,down0,1,sz.300175
golden,300178,2019-07-30,down0,1,sz.300178
golden,300182,2019-07-30,down0,1,sz.300182
golden,300183,2019-07-30,down0,1,sz.300183
golden,300188,2019-07-25,down0,4,sz.300188
golden,300189,2019-07-29,down0,2,sz.300189
golden,300199,2019-07-30,down0,1,sz.300199
golden,300204,2019-07-23,down0,6,sz.300204
golden,300207,2019-07-24,down0,5,sz.300207
golden,300212,2019-07-24,up0,5,sz.300212
golden,300213,2019-07-23,down0,6,sz.300213
golden,300218,2019-07-24,up0,5,sz.300218
golden,300221,2019-07-30,down0,1,sz.300221
golden,300222,2019-07-23,down0,6,sz.300222
golden,300226,2019-07-26,up0,3,sz.300226
golden,300228,2019-07-26,down0,3,sz.300228
golden,300229,2019-07-25,down0,4,sz.300229
golden,300230,2019-07-29,down0,2,sz.300230
golden,300231,2019-07-24,down0,5,sz.300231
golden,300232,2019-07-29,down0,2,sz.300232
golden,300234,2019-07-30,down0,1,sz.300234
golden,300241,2019-07-10,down0,15,sz.300241
golden,300242,2019-07-30,down0,1,sz.300242
golden,300248,2019-07-26,down0,3,sz.300248
golden,300252,2019-07-26,down0,3,sz.300252
golden,300263,2019-07-30,down0,1,sz.300263
golden,300264,2019-07-25,down0,4,sz.300264
golden,300265,2019-07-25,down0,4,sz.300265
golden,300277,2019-07-26,down0,3,sz.300277
golden,300283,2019-07-30,down0,1,sz.300283
golden,300284,2019-07-29,up0,2,sz.300284
golden,300285,2019-07-26,up0,3,sz.300285
golden,300286,2019-07-29,down0,2,sz.300286
golden,300288,2019-07-30,down0,1,sz.300288
golden,300293,2019-07-29,down0,2,sz.300293
golden,300295,2019-07-26,down0,3,sz.300295
golden,300296,2019-07-30,down0,1,sz.300296
golden,300299,2019-07-30,down0,1,sz.300299
golden,300300,2019-07-25,down0,4,sz.300300
golden,300301,2019-07-30,down0,1,sz.300301
golden,300308,2019-07-23,up0,6,sz.300308
golden,300309,2019-07-30,down0,1,sz.300309
golden,300310,2019-07-30,down0,1,sz.300310
golden,300312,2019-07-25,down0,4,sz.300312
golden,300315,2019-07-25,down0,4,sz.300315
golden,300316,2019-07-26,down0,3,sz.300316
golden,300319,2019-07-29,down0,2,sz.300319
golden,300321,2019-07-30,down0,1,sz.300321
golden,300322,2019-07-26,up0,3,sz.300322
golden,300325,2019-07-24,down0,5,sz.300325
golden,300330,2019-07-30,down0,1,sz.300330
golden,300331,2019-07-26,down0,3,sz.300331
golden,300333,2019-07-30,down0,1,sz.300333
golden,300336,2019-07-26,down0,3,sz.300336
golden,300342,2019-07-25,down0,4,sz.300342
golden,300345,2019-07-26,down0,3,sz.300345
golden,300348,2019-07-29,down0,2,sz.300348
golden,300349,2019-07-29,down0,2,sz.300349
golden,300353,2019-07-17,down0,10,sz.300353
golden,300356,2019-07-26,down0,3,sz.300356
golden,300360,2019-07-23,down0,6,sz.300360
golden,300363,2019-07-30,up0,1,sz.300363
golden,300364,2019-07-30,down0,1,sz.300364
golden,300366,2019-07-29,down0,2,sz.300366
golden,300368,2019-07-30,down0,1,sz.300368
golden,300373,2019-07-24,down0,5,sz.300373
golden,300374,2019-07-25,down0,4,sz.300374
golden,300375,2019-07-30,down0,1,sz.300375
golden,300376,2019-07-26,down0,3,sz.300376
golden,300377,2019-07-26,down0,3,sz.300377
golden,300380,2019-07-25,down0,4,sz.300380
golden,300390,2019-07-30,down0,1,sz.300390
golden,300391,2019-07-30,down0,1,sz.300391
golden,300392,2019-07-23,down0,6,sz.300392
golden,300397,2019-07-30,down0,1,sz.300397
golden,300406,2019-07-26,up0,3,sz.300406
golden,300413,2019-07-30,down0,1,sz.300413
golden,300414,2019-07-29,up0,2,sz.300414
golden,300421,2019-07-24,down0,5,sz.300421
golden,300426,2019-07-29,down0,2,sz.300426
golden,300427,2019-07-24,down0,5,sz.300427
golden,300430,2019-06-27,down0,24,sz.300430
golden,300433,2019-07-24,down0,5,sz.300433
golden,300438,2019-07-25,down0,4,sz.300438
golden,300444,2019-07-29,down0,2,sz.300444
golden,300445,2019-07-29,up0,2,sz.300445
golden,300446,2019-07-30,up0,1,sz.300446
golden,300452,2019-07-30,down0,1,sz.300452
golden,300454,2019-07-29,up0,2,sz.300454
golden,300456,2019-07-30,down0,1,sz.300456
golden,300458,2019-07-30,up0,1,sz.300458
golden,300459,2019-07-12,down0,13,sz.300459
golden,300461,2019-07-29,down0,2,sz.300461
golden,300466,2019-07-30,down0,1,sz.300466
golden,300467,2019-07-25,down0,4,sz.300467
golden,300468,2019-07-24,down0,5,sz.300468
golden,300470,2019-07-26,up0,3,sz.300470
golden,300471,2019-07-30,down0,1,sz.300471
golden,300475,2019-07-29,up0,2,sz.300475
golden,300476,2019-07-19,down0,8,sz.300476
golden,300477,2019-07-26,down0,3,sz.300477
golden,300479,2019-07-30,down0,1,sz.300479
golden,300482,2019-07-26,down0,3,sz.300482
golden,300486,2019-07-25,up0,4,sz.300486
golden,300490,2019-07-24,down0,5,sz.300490
golden,300494,2019-07-30,down0,1,sz.300494
golden,300495,2019-07-24,down0,5,sz.300495
golden,300499,2019-07-26,up0,3,sz.300499
golden,300500,2019-07-30,down0,1,sz.300500
golden,300503,2019-07-29,down0,2,sz.300503
golden,300504,2019-07-30,down0,1,sz.300504
golden,300508,2019-07-24,down0,5,sz.300508
golden,300509,2019-07-22,down0,7,sz.300509
golden,300510,2019-07-23,down0,6,sz.300510
golden,300514,2019-07-26,down0,3,sz.300514
golden,300515,2019-07-29,down0,2,sz.300515
golden,300517,2019-07-30,down0,1,sz.300517
golden,300520,2019-07-17,down0,10,sz.300520
golden,300521,2019-07-30,up0,1,sz.300521
golden,300523,2019-07-25,down0,4,sz.300523
golden,300528,2019-07-26,down0,3,sz.300528
golden,300533,2019-07-30,up0,1,sz.300533
golden,300537,2019-06-11,down0,36,sz.300537
golden,300546,2019-07-29,down0,2,sz.300546
golden,300548,2019-07-29,down0,2,sz.300548
golden,300555,2019-07-25,down0,4,sz.300555
golden,300556,2019-07-29,down0,2,sz.300556
golden,300557,2019-07-26,up0,3,sz.300557
golden,300563,2019-07-26,down0,3,sz.300563
golden,300566,2019-07-30,up0,1,sz.300566
golden,300569,2019-07-25,down0,4,sz.300569
golden,300570,2019-07-11,up0,14,sz.300570
golden,300571,2019-07-26,down0,3,sz.300571
golden,300575,2019-07-25,down0,4,sz.300575
golden,300579,2019-07-30,up0,1,sz.300579
golden,300583,2019-07-30,up0,1,sz.300583
golden,300585,2019-05-27,up0,46,sz.300585
golden,300588,2019-07-26,down0,3,sz.300588
golden,300590,2019-07-29,down0,2,sz.300590
golden,300592,2019-07-29,down0,2,sz.300592
golden,300593,2019-07-29,down0,2,sz.300593
golden,300595,2019-07-25,down0,4,sz.300595
golden,300601,2019-07-30,up0,1,sz.300601
golden,300602,2019-07-15,up0,12,sz.300602
golden,300603,2019-07-30,down0,1,sz.300603
golden,300607,2019-07-26,up0,3,sz.300607
golden,300620,2019-07-29,down0,2,sz.300620
golden,300621,2019-07-29,down0,2,sz.300621
golden,300622,2019-06-12,down0,35,sz.300622
golden,300623,2019-07-26,down0,3,sz.300623
golden,300624,2019-07-17,down0,10,sz.300624
golden,300625,2019-07-29,down0,2,sz.300625
golden,300627,2019-07-26,down0,3,sz.300627
golden,300628,2019-07-30,up0,1,sz.300628
golden,300634,2019-07-26,down0,3,sz.300634
golden,300635,2019-07-16,down0,11,sz.300635
golden,300640,2019-07-24,down0,5,sz.300640
golden,300642,2019-07-30,down0,1,sz.300642
golden,300643,2019-07-29,up0,2,sz.300643
golden,300645,2019-07-26,down0,3,sz.300645
golden,300647,2019-07-29,down0,2,sz.300647
golden,300650,2019-07-24,up0,5,sz.300650
golden,300653,2019-07-30,up0,1,sz.300653
golden,300657,2019-07-30,up0,1,sz.300657
golden,300658,2019-07-29,up0,2,sz.300658
golden,300660,2019-07-25,up0,4,sz.300660
golden,300667,2019-07-25,up0,4,sz.300667
golden,300668,2019-07-30,down0,1,sz.300668
golden,300673,2019-07-29,down0,2,sz.300673
golden,300675,2019-07-25,down0,4,sz.300675
golden,300676,2019-07-30,up0,1,sz.300676
golden,300678,2019-07-26,down0,3,sz.300678
golden,300680,2019-07-29,up0,2,sz.300680
golden,300681,2019-07-30,down0,1,sz.300681
golden,300684,2019-07-29,down0,2,sz.300684
golden,300686,2019-07-26,up0,3,sz.300686
golden,300691,2019-07-03,up0,20,sz.300691
golden,300698,2019-07-29,down0,2,sz.300698
golden,300700,2019-06-21,down0,28,sz.300700
golden,300705,2019-07-30,down0,1,sz.300705
golden,300710,2019-07-25,down0,4,sz.300710
golden,300711,2019-07-29,down0,2,sz.300711
golden,300713,2019-07-29,down0,2,sz.300713
golden,300715,2019-07-30,down0,1,sz.300715
golden,300719,2019-07-24,down0,5,sz.300719
golden,300720,2019-07-29,down0,2,sz.300720
golden,300724,2019-07-24,up0,5,sz.300724
golden,300725,2019-07-30,down0,1,sz.300725
golden,300730,2019-07-26,down0,3,sz.300730
golden,300731,2019-07-30,down0,1,sz.300731
golden,300735,2019-07-23,up0,6,sz.300735
golden,300736,2019-07-30,down0,1,sz.300736
golden,300739,2019-07-30,down0,1,sz.300739
golden,300742,2019-07-30,down0,1,sz.300742
golden,300747,2019-07-29,down0,2,sz.300747
golden,300751,2019-07-30,down0,1,sz.300751
golden,300752,2019-07-29,down0,2,sz.300752
golden,300761,2019-07-18,down0,9,sz.300761
golden,300762,2019-07-26,down0,3,sz.300762
golden,300770,2019-07-26,down0,3,sz.300770
golden,300771,2019-06-19,down0,30,sz.300771
golden,300775,2019-07-30,up0,1,sz.300775
golden,600000,2019-07-25,up0,4,sh.600000
golden,600004,2019-07-29,up0,2,sh.600004
golden,600009,2019-07-26,up0,3,sh.600009
golden,600011,2019-07-16,down0,11,sh.600011
golden,600015,2019-07-26,up0,3,sh.600015
golden,600016,2019-07-29,up0,2,sh.600016
golden,600019,2019-07-30,down0,1,sh.600019
golden,600023,2019-07-25,down0,4,sh.600023
golden,600027,2019-07-19,down0,8,sh.600027
golden,600037,2019-07-30,down0,1,sh.600037
golden,600050,2019-07-30,down0,1,sh.600050
golden,600053,2019-07-30,down0,1,sh.600053
golden,600058,2019-07-30,down0,1,sh.600058
golden,600064,2019-07-30,down0,1,sh.600064
golden,600068,2019-07-26,down0,3,sh.600068
golden,600070,2019-07-26,down0,3,sh.600070
golden,600082,2019-07-30,down0,1,sh.600082
golden,600089,2019-07-26,down0,3,sh.600089
golden,600098,2019-07-16,up0,11,sh.600098
golden,600101,2019-07-30,down0,1,sh.600101
golden,600103,2019-07-30,down0,1,sh.600103
golden,600104,2019-07-29,up0,2,sh.600104
golden,600112,2019-07-30,down0,1,sh.600112
golden,600113,2019-07-26,down0,3,sh.600113
golden,600116,2019-07-26,down0,3,sh.600116
golden,600117,2019-07-30,down0,1,sh.600117
golden,600123,2019-07-24,down0,5,sh.600123
golden,600127,2019-07-26,down0,3,sh.600127
golden,600145,2019-07-26,down0,3,sh.600145
golden,600146,2019-07-29,up0,2,sh.600146
golden,600148,2019-07-26,up0,3,sh.600148
golden,600151,2019-07-26,down0,3,sh.600151
golden,600152,2019-07-30,down0,1,sh.600152
golden,600155,2019-07-29,down0,2,sh.600155
golden,600158,2019-07-19,down0,8,sh.600158
golden,600161,2019-07-26,up0,3,sh.600161
golden,600167,2019-07-25,up0,4,sh.600167
golden,600170,2019-07-15,up0,12,sh.600170
golden,600171,2019-07-26,up0,3,sh.600171
golden,600177,2019-07-25,down0,4,sh.600177
golden,600179,2019-07-05,down0,18,sh.600179
golden,600183,2019-07-25,up0,4,sh.600183
golden,600184,2019-07-29,up0,2,sh.600184
golden,600188,2019-07-30,down0,1,sh.600188
golden,600192,2019-07-29,down0,2,sh.600192
golden,600193,2019-07-19,up0,8,sh.600193
golden,600198,2019-07-26,down0,3,sh.600198
golden,600201,2019-07-30,down0,1,sh.600201
golden,600202,2019-07-25,down0,4,sh.600202
golden,600203,2019-07-29,down0,2,sh.600203
golden,600207,2019-07-30,down0,1,sh.600207
golden,600209,2019-07-24,down0,5,sh.600209
golden,600218,2019-07-30,down0,1,sh.600218
golden,600220,2019-07-26,down0,3,sh.600220
golden,600226,2019-07-30,down0,1,sh.600226
golden,600233,2019-07-25,down0,4,sh.600233
golden,600234,2019-07-26,down0,3,sh.600234
golden,600236,2019-07-22,up0,7,sh.600236
golden,600237,2019-07-29,up0,2,sh.600237
golden,600246,2019-07-24,down0,5,sh.600246
golden,600249,2019-07-24,down0,5,sh.600249
golden,600257,2019-07-26,down0,3,sh.600257
golden,600260,2019-07-29,down0,2,sh.600260
golden,600267,2019-07-29,down0,2,sh.600267
golden,600271,2019-07-26,down0,3,sh.600271
golden,600278,2019-07-24,down0,5,sh.600278
golden,600280,2019-07-30,down0,1,sh.600280
golden,600284,2019-07-26,down0,3,sh.600284
golden,600298,2019-07-29,down0,2,sh.600298
golden,600299,2019-07-25,down0,4,sh.600299
golden,600301,2019-07-23,down0,6,sh.600301
golden,600302,2019-07-30,down0,1,sh.600302
golden,600309,2019-07-26,up0,3,sh.600309
golden,600312,2019-07-25,up0,4,sh.600312
golden,600327,2019-07-30,down0,1,sh.600327
golden,600330,2019-07-29,down0,2,sh.600330
golden,600336,2019-07-26,down0,3,sh.600336
golden,600337,2019-07-16,down0,11,sh.600337
golden,600346,2019-07-30,down0,1,sh.600346
golden,600350,2019-07-30,up0,1,sh.600350
golden,600351,2019-07-30,down0,1,sh.600351
golden,600352,2019-07-29,down0,2,sh.600352
golden,600353,2019-07-24,down0,5,sh.600353
golden,600355,2019-07-26,down0,3,sh.600355
golden,600356,2019-07-24,down0,5,sh.600356
golden,600358,2019-07-30,down0,1,sh.600358
golden,600368,2019-07-26,down0,3,sh.600368
golden,600373,2019-07-25,down0,4,sh.600373
golden,600377,2019-07-30,up0,1,sh.600377
golden,600383,2019-07-30,up0,1,sh.600383
golden,600386,2019-07-30,down0,1,sh.600386
golden,600390,2019-07-30,down0,1,sh.600390
golden,600392,2019-07-30,down0,1,sh.600392
golden,600398,2019-07-24,down0,5,sh.600398
golden,600399,2019-07-29,down0,2,sh.600399
golden,600406,2019-07-24,down0,5,sh.600406
golden,600410,2019-07-25,down0,4,sh.600410
golden,600416,2019-07-30,down0,1,sh.600416
golden,600418,2019-07-29,down0,2,sh.600418
golden,600422,2019-07-30,down0,1,sh.600422
golden,600426,2019-07-25,up0,4,sh.600426
golden,600435,2019-07-30,up0,1,sh.600435
golden,600438,2019-07-19,down0,8,sh.600438
golden,600448,2019-07-26,down0,3,sh.600448
golden,600460,2019-07-29,down0,2,sh.600460
golden,600461,2019-07-30,down0,1,sh.600461
golden,600462,2019-07-26,down0,3,sh.600462
golden,600479,2019-07-12,up0,13,sh.600479
golden,600483,2019-07-26,down0,3,sh.600483
golden,600486,2019-07-26,up0,3,sh.600486
golden,600487,2019-07-30,down0,1,sh.600487
golden,600498,2019-07-26,down0,3,sh.600498
golden,600499,2019-07-30,down0,1,sh.600499
golden,600501,2019-07-29,down0,2,sh.600501
golden,600508,2019-07-30,down0,1,sh.600508
golden,600516,2019-07-30,down0,1,sh.600516
golden,600522,2019-07-30,down0,1,sh.600522
golden,600527,2019-07-30,down0,1,sh.600527
golden,600533,2019-07-29,down0,2,sh.600533
golden,600543,2019-07-30,down0,1,sh.600543
golden,600545,2019-07-24,down0,5,sh.600545
golden,600546,2019-07-25,up0,4,sh.600546
golden,600548,2019-07-26,down0,3,sh.600548
golden,600561,2019-07-26,down0,3,sh.600561
golden,600563,2019-07-26,up0,3,sh.600563
golden,600568,2019-07-26,down0,3,sh.600568
golden,600575,2019-07-30,down0,1,sh.600575
golden,600576,2019-07-29,down0,2,sh.600576
golden,600578,2019-07-30,down0,1,sh.600578
golden,600583,2019-07-29,down0,2,sh.600583
golden,600584,2019-07-19,down0,8,sh.600584
golden,600595,2019-05-31,down0,42,sh.600595
golden,600596,2019-07-30,down0,1,sh.600596
golden,600601,2019-07-30,down0,1,sh.600601
golden,600602,2019-07-30,down0,1,sh.600602
golden,600610,2019-05-06,down0,0,sh.600610
golden,600619,2019-07-29,down0,2,sh.600619
golden,600620,2019-07-30,down0,1,sh.600620
golden,600622,2019-07-29,down0,2,sh.600622
golden,600628,2019-07-25,up0,4,sh.600628
golden,600629,2019-07-26,down0,3,sh.600629
golden,600630,2019-07-30,down0,1,sh.600630
golden,600633,2019-07-19,down0,8,sh.600633
golden,600634,2019-07-30,down0,1,sh.600634
golden,600637,2019-07-26,down0,3,sh.600637
golden,600643,2019-07-30,down0,1,sh.600643
golden,600644,2019-07-26,down0,3,sh.600644
golden,600645,2019-07-29,down0,2,sh.600645
golden,600647,2019-07-26,down0,3,sh.600647
golden,600648,2019-07-18,down0,9,sh.600648
golden,600650,2019-07-29,down0,2,sh.600650
golden,600651,2019-07-24,down0,5,sh.600651
golden,600652,2019-07-26,down0,3,sh.600652
golden,600654,2019-07-26,down0,3,sh.600654
golden,600655,2019-07-16,down0,11,sh.600655
golden,600662,2019-07-26,down0,3,sh.600662
golden,600663,2019-07-26,down0,3,sh.600663
golden,600664,2019-07-29,down0,2,sh.600664
golden,600667,2019-07-26,down0,3,sh.600667
golden,600673,2019-07-23,down0,6,sh.600673
golden,600674,2019-07-25,up0,4,sh.600674
golden,600675,2019-07-26,down0,3,sh.600675
golden,600676,2019-07-26,down0,3,sh.600676
golden,600679,2019-07-29,down0,2,sh.600679
golden,600682,2019-06-17,down0,32,sh.600682
golden,600687,2019-07-30,down0,1,sh.600687
golden,600689,2019-07-26,down0,3,sh.600689
golden,600695,2019-07-30,down0,1,sh.600695
golden,600697,2019-07-30,down0,1,sh.600697
golden,600703,2019-07-26,down0,3,sh.600703
golden,600706,2019-07-30,down0,1,sh.600706
golden,600715,2019-07-26,down0,3,sh.600715
golden,600716,2019-07-29,down0,2,sh.600716
golden,600717,2019-07-24,down0,5,sh.600717
golden,600721,2019-06-21,down0,28,sh.600721
golden,600724,2019-07-25,down0,4,sh.600724
golden,600728,2019-07-26,down0,3,sh.600728
golden,600737,2019-07-29,up0,2,sh.600737
golden,600740,2019-07-26,down0,3,sh.600740
golden,600741,2019-07-25,up0,4,sh.600741
golden,600742,2019-07-25,up0,4,sh.600742
golden,600747,2019-07-25,down0,4,sh.600747
golden,600757,2019-07-30,down0,1,sh.600757
golden,600761,2019-07-30,down0,1,sh.600761
golden,600764,2019-07-29,up0,2,sh.600764
golden,600766,2019-07-30,down0,1,sh.600766
golden,600767,2019-07-15,up0,12,sh.600767
golden,600769,2019-07-24,down0,5,sh.600769
golden,600770,2019-07-30,down0,1,sh.600770
golden,600775,2019-07-24,down0,5,sh.600775
golden,600784,2019-07-29,down0,2,sh.600784
golden,600787,2019-07-25,down0,4,sh.600787
golden,600790,2019-07-25,down0,4,sh.600790
golden,600793,2019-07-16,up0,11,sh.600793
golden,600794,2019-07-25,down0,4,sh.600794
golden,600804,2019-07-25,down0,4,sh.600804
golden,600805,2019-07-30,down0,1,sh.600805
golden,600811,2019-07-26,down0,3,sh.600811
golden,600812,2019-07-30,down0,1,sh.600812
golden,600814,2019-07-30,down0,1,sh.600814
golden,600820,2019-07-30,down0,1,sh.600820
golden,600822,2019-07-26,up0,3,sh.600822
golden,600825,2019-07-30,down0,1,sh.600825
golden,600830,2019-07-30,down0,1,sh.600830
golden,600831,2019-07-30,down0,1,sh.600831
golden,600835,2019-07-30,up0,1,sh.600835
golden,600838,2019-07-30,down0,1,sh.600838
golden,600843,2019-07-26,down0,3,sh.600843
golden,600845,2019-07-29,up0,2,sh.600845
golden,600850,2019-07-30,down0,1,sh.600850
golden,600851,2019-07-26,down0,3,sh.600851
golden,600862,2019-07-26,up0,3,sh.600862
golden,600863,2019-07-29,up0,2,sh.600863
golden,600867,2019-07-30,up0,1,sh.600867
golden,600872,2019-07-30,up0,1,sh.600872
golden,600875,2019-07-26,down0,3,sh.600875
golden,600879,2019-07-29,down0,2,sh.600879
golden,600880,2019-07-16,down0,11,sh.600880
golden,600882,2019-07-26,up0,3,sh.600882
golden,600886,2019-07-23,up0,6,sh.600886
golden,600891,2019-07-25,down0,4,sh.600891
golden,600900,2019-07-19,up0,8,sh.600900
golden,600901,2019-07-26,down0,3,sh.600901
golden,600917,2019-07-24,down0,5,sh.600917
golden,600926,2019-07-17,down0,10,sh.600926
golden,600939,2019-07-29,down0,2,sh.600939
golden,600959,2019-07-29,down0,2,sh.600959
golden,600963,2019-07-26,down0,3,sh.600963
golden,600966,2019-07-26,up0,3,sh.600966
golden,600967,2019-07-29,up0,2,sh.600967
golden,600977,2019-07-30,down0,1,sh.600977
golden,600978,2019-07-30,down0,1,sh.600978
golden,600986,2019-07-26,down0,3,sh.600986
golden,600989,2019-06-19,down0,30,sh.600989
golden,600990,2019-07-29,up0,2,sh.600990
golden,600996,2019-07-30,down0,1,sh.600996
golden,600997,2019-07-26,down0,3,sh.600997
golden,601001,2019-07-25,down0,4,sh.601001
golden,601002,2019-07-26,up0,3,sh.601002
golden,601005,2019-07-30,down0,1,sh.601005
golden,601006,2019-07-30,down0,1,sh.601006
golden,601008,2019-07-30,down0,1,sh.601008
golden,601009,2019-07-25,up0,4,sh.601009
golden,601010,2019-07-26,down0,3,sh.601010
golden,601028,2019-07-16,down0,11,sh.601028
golden,601099,2019-07-17,down0,10,sh.601099
golden,601100,2019-07-29,up0,2,sh.601100
golden,601101,2019-07-25,down0,4,sh.601101
golden,601138,2019-07-25,down0,4,sh.601138
golden,601139,2019-07-29,up0,2,sh.601139
golden,601158,2019-07-30,down0,1,sh.601158
golden,601166,2019-07-22,up0,7,sh.601166
golden,601169,2019-07-26,down0,3,sh.601169
golden,601186,2019-07-19,down0,8,sh.601186
golden,601208,2019-07-26,down0,3,sh.601208
golden,601225,2019-07-23,up0,6,sh.601225
golden,601228,2019-07-30,down0,1,sh.601228
golden,601229,2019-07-25,up0,4,sh.601229
golden,601231,2019-07-24,down0,5,sh.601231
golden,601258,2019-07-26,down0,3,sh.601258
golden,601288,2019-07-30,down0,1,sh.601288
golden,601328,2019-07-30,down0,1,sh.601328
golden,601333,2019-07-29,down0,2,sh.601333
golden,601390,2019-07-24,down0,5,sh.601390
golden,601515,2019-07-25,down0,4,sh.601515
golden,601577,2019-07-30,down0,1,sh.601577
golden,601595,2019-07-30,up0,1,sh.601595
golden,601607,2019-07-23,down0,6,sh.601607
golden,601611,2019-07-24,down0,5,sh.601611
golden,601669,2019-07-30,down0,1,sh.601669
golden,601677,2019-07-25,up0,4,sh.601677
golden,601700,2019-07-26,down0,3,sh.601700
golden,601718,2019-07-29,up0,2,sh.601718
golden,601766,2019-07-26,down0,3,sh.601766
golden,601777,2019-07-26,down0,3,sh.601777
golden,601818,2019-07-25,down0,4,sh.601818
golden,601838,2019-07-24,down0,5,sh.601838
golden,601857,2019-07-29,down0,2,sh.601857
golden,601869,2019-07-30,down0,1,sh.601869
golden,601882,2019-07-25,up0,4,sh.601882
golden,601888,2019-07-29,up0,2,sh.601888
golden,601900,2019-07-30,down0,1,sh.601900
golden,601908,2019-07-29,down0,2,sh.601908
golden,601985,2019-07-19,down0,8,sh.601985
golden,601988,2019-07-30,down0,1,sh.601988
golden,601990,2019-07-29,down0,2,sh.601990
golden,601991,2019-07-26,down0,3,sh.601991
golden,601997,2019-07-24,down0,5,sh.601997
golden,601998,2019-07-25,down0,4,sh.601998
golden,601999,2019-07-29,down0,2,sh.601999
golden,603002,2019-07-26,down0,3,sh.603002
golden,603008,2019-07-25,down0,4,sh.603008
golden,603010,2019-07-25,down0,4,sh.603010
golden,603019,2019-07-25,down0,4,sh.603019
golden,603021,2019-07-29,down0,2,sh.603021
golden,603023,2019-07-30,down0,1,sh.603023
golden,603029,2019-07-29,down0,2,sh.603029
golden,603032,2019-07-29,down0,2,sh.603032
golden,603033,2019-07-16,down0,11,sh.603033
golden,603039,2019-07-30,up0,1,sh.603039
golden,603042,2019-07-26,down0,3,sh.603042
golden,603045,2019-07-30,down0,1,sh.603045
golden,603056,2019-07-26,down0,3,sh.603056
golden,603058,2019-07-30,down0,1,sh.603058
golden,603059,2019-07-30,down0,1,sh.603059
golden,603066,2019-07-29,down0,2,sh.603066
golden,603079,2019-07-16,up0,11,sh.603079
golden,603083,2019-07-26,down0,3,sh.603083
golden,603085,2019-07-29,down0,2,sh.603085
golden,603086,2019-07-25,down0,4,sh.603086
golden,603088,2019-07-30,down0,1,sh.603088
golden,603090,2019-07-30,up0,1,sh.603090
golden,603099,2019-07-30,down0,1,sh.603099
golden,603105,2019-07-30,down0,1,sh.603105
golden,603110,2019-07-30,up0,1,sh.603110
golden,603117,2019-07-25,down0,4,sh.603117
golden,603127,2019-07-24,up0,5,sh.603127
golden,603133,2019-07-29,down0,2,sh.603133
golden,603138,2019-07-26,down0,3,sh.603138
golden,603159,2019-07-30,down0,1,sh.603159
golden,603161,2019-07-29,down0,2,sh.603161
golden,603168,2019-07-30,up0,1,sh.603168
golden,603169,2019-07-26,down0,3,sh.603169
golden,603178,2019-07-26,down0,3,sh.603178
golden,603185,2019-07-29,down0,2,sh.603185
golden,603214,2019-07-30,down0,1,sh.603214
golden,603220,2019-07-29,down0,2,sh.603220
golden,603222,2019-07-30,up0,1,sh.603222
golden,603239,2019-07-24,down0,5,sh.603239
golden,603268,2019-07-26,down0,3,sh.603268
golden,603278,2019-07-29,down0,2,sh.603278
golden,603286,2019-07-30,up0,1,sh.603286
golden,603298,2019-07-30,down0,1,sh.603298
golden,603300,2019-07-26,down0,3,sh.603300
golden,603303,2019-07-24,down0,5,sh.603303
golden,603306,2019-07-16,down0,11,sh.603306
golden,603309,2019-07-30,down0,1,sh.603309
golden,603313,2019-07-29,up0,2,sh.603313
golden,603315,2019-07-29,down0,2,sh.603315
golden,603318,2019-07-11,down0,14,sh.603318
golden,603320,2019-07-01,down0,22,sh.603320
golden,603326,2019-07-29,up0,2,sh.603326
golden,603327,2019-07-30,down0,1,sh.603327
golden,603328,2019-07-29,up0,2,sh.603328
golden,603337,2019-07-26,down0,3,sh.603337
golden,603339,2019-07-30,down0,1,sh.603339
golden,603345,2019-07-26,down0,3,sh.603345
golden,603356,2019-07-30,down0,1,sh.603356
golden,603357,2019-07-26,down0,3,sh.603357
golden,603378,2019-07-26,down0,3,sh.603378
golden,603385,2019-07-30,down0,1,sh.603385
golden,603386,2019-07-29,down0,2,sh.603386
golden,603396,2019-07-29,down0,2,sh.603396
golden,603421,2019-07-23,down0,6,sh.603421
golden,603429,2019-07-24,up0,5,sh.603429
golden,603444,2019-07-30,up0,1,sh.603444
golden,603496,2019-07-30,down0,1,sh.603496
golden,603515,2019-07-25,down0,4,sh.603515
golden,603516,2019-07-24,up0,5,sh.603516
golden,603517,2019-07-26,up0,3,sh.603517
golden,603519,2019-07-29,up0,2,sh.603519
golden,603533,2019-07-30,down0,1,sh.603533
golden,603535,2019-07-26,down0,3,sh.603535
golden,603536,2019-07-26,down0,3,sh.603536
golden,603555,2019-07-30,down0,1,sh.603555
golden,603556,2019-07-25,up0,4,sh.603556
golden,603558,2019-07-30,down0,1,sh.603558
golden,603559,2019-07-30,down0,1,sh.603559
golden,603583,2019-07-26,down0,3,sh.603583
golden,603586,2019-07-26,down0,3,sh.603586
golden,603595,2019-07-26,down0,3,sh.603595
golden,603602,2019-07-29,down0,2,sh.603602
golden,603607,2019-07-29,down0,2,sh.603607
golden,603611,2019-07-25,down0,4,sh.603611
golden,603628,2019-07-30,down0,1,sh.603628
golden,603629,2019-07-29,down0,2,sh.603629
golden,603630,2019-07-24,up0,5,sh.603630
golden,603633,2019-07-26,down0,3,sh.603633
golden,603636,2019-07-29,down0,2,sh.603636
golden,603648,2019-07-26,up0,3,sh.603648
golden,603655,2019-07-26,down0,3,sh.603655
golden,603666,2019-07-30,down0,1,sh.603666
golden,603667,2019-07-29,down0,2,sh.603667
golden,603668,2019-07-30,down0,1,sh.603668
golden,603676,2019-07-29,up0,2,sh.603676
golden,603677,2019-07-26,up0,3,sh.603677
golden,603685,2019-07-26,down0,3,sh.603685
golden,603707,2019-07-26,up0,3,sh.603707
golden,603708,2019-07-26,up0,3,sh.603708
golden,603711,2019-07-25,down0,4,sh.603711
golden,603722,2019-07-16,down0,11,sh.603722
golden,603726,2019-07-30,down0,1,sh.603726
golden,603730,2019-07-30,up0,1,sh.603730
golden,603737,2019-07-24,up0,5,sh.603737
golden,603757,2019-07-29,down0,2,sh.603757
golden,603768,2019-07-30,down0,1,sh.603768
golden,603773,2019-07-26,down0,3,sh.603773
golden,603776,2019-07-30,down0,1,sh.603776
golden,603790,2019-07-24,down0,5,sh.603790
golden,603799,2019-07-29,down0,2,sh.603799
golden,603801,2019-07-30,down0,1,sh.603801
golden,603803,2019-07-29,down0,2,sh.603803
golden,603806,2019-07-26,up0,3,sh.603806
golden,603816,2019-07-30,down0,1,sh.603816
golden,603819,2019-07-26,up0,3,sh.603819
golden,603822,2019-07-26,up0,3,sh.603822
golden,603823,2019-07-23,down0,6,sh.603823
golden,603825,2019-07-30,down0,1,sh.603825
golden,603828,2019-07-29,down0,2,sh.603828
golden,603843,2019-07-26,down0,3,sh.603843
golden,603859,2019-07-24,up0,5,sh.603859
golden,603860,2019-07-26,up0,3,sh.603860
golden,603866,2019-07-25,down0,4,sh.603866
golden,603871,2019-07-24,up0,5,sh.603871
golden,603878,2019-07-25,down0,4,sh.603878
golden,603880,2019-07-30,up0,1,sh.603880
golden,603881,2019-07-26,down0,3,sh.603881
golden,603888,2019-07-30,down0,1,sh.603888
golden,603890,2019-07-30,down0,1,sh.603890
golden,603898,2019-07-30,down0,1,sh.603898
golden,603901,2019-07-30,down0,1,sh.603901
golden,603906,2019-07-30,down0,1,sh.603906
golden,603909,2019-07-24,down0,5,sh.603909
golden,603918,2019-07-26,down0,3,sh.603918
golden,603920,2019-07-29,down0,2,sh.603920
golden,603928,2019-07-30,down0,1,sh.603928
golden,603963,2019-07-25,down0,4,sh.603963
golden,603978,2019-07-30,up0,1,sh.603978
golden,603989,2019-07-30,down0,1,sh.603989
golden,603997,2019-07-30,down0,1,sh.603997
golden,603999,2019-07-26,down0,3,sh.603999
